<?xml version="1.0" encoding="utf-8" ?>
<Prebuild xmlns="http://dnpb.sourceforge.net/schemas/prebuild-1.7.xsd" version="1.7">
  <Solution name="OpenMetaverse" activeConfig="Debug" version="0.9.4">
    <Configuration name="Debug">
      <Options>
        <CompilerDefines>TRACE;DEBUG</CompilerDefines>
        <OptimizeCode>false</OptimizeCode>
        <CheckUnderflowOverflow>false</CheckUnderflowOverflow>
        <AllowUnsafe>true</AllowUnsafe>
        <WarningLevel>4</WarningLevel>
        <WarningsAsErrors>false</WarningsAsErrors>
        <SuppressWarnings>1591,1574,0419,0618</SuppressWarnings>
        <OutputPath>bin</OutputPath>
        <DebugInformation>true</DebugInformation>
        <IncrementalBuild>true</IncrementalBuild>
        <NoStdLib>false</NoStdLib>
      </Options>
    </Configuration>
    <Configuration name="Release">
      <Options>
        <CompilerDefines>TRACE</CompilerDefines>
        <OptimizeCode>true</OptimizeCode>
        <CheckUnderflowOverflow>false</CheckUnderflowOverflow>
        <AllowUnsafe>true</AllowUnsafe>
        <WarningLevel>4</WarningLevel>
        <WarningsAsErrors>false</WarningsAsErrors>
        <SuppressWarnings>1591,1574,0419,0618</SuppressWarnings>
        <OutputPath>bin</OutputPath>
        <DebugInformation>false</DebugInformation>
        <IncrementalBuild>true</IncrementalBuild>
        <NoStdLib>false</NoStdLib>
      </Options>
    </Configuration>

    <!-- External Libraries -->

    <Project name="CSJ2K" path="CSJ2K" type="Library" frameworkVersion="v4_5">
      <Configuration name="Debug">
        <Options>
          <OutputPath>../bin/</OutputPath>
        </Options>
      </Configuration>
      <Configuration name="Release">
        <Options>
          <OutputPath>../bin/</OutputPath>
        </Options>
      </Configuration>

      <ReferencePath>../bin/</ReferencePath>
      <Reference name="System"/>
      <Reference name="System.Drawing"/>
      <Files>
        <Match pattern="*.cs" recurse="true">
          <Exclude name="obj" pattern="obj"/>
        </Match>
      </Files>
    </Project>

    <!-- Libraries -->

    <Project name="OpenMetaverseTypes" path="OpenMetaverseTypes" type="Library" rootNamespace="OpenMetaverse" frameworkVersion="v4_5">
      <Configuration name="Debug">
        <Options>
          <OutputPath>../bin/</OutputPath>
        </Options>
      </Configuration>
      <Configuration name="Release">
        <Options>
          <OutputPath>../bin/</OutputPath>
          <XmlDocFile>OpenMetaverseTypes.XML</XmlDocFile>
        </Options>
      </Configuration>

      <ReferencePath>../bin/</ReferencePath>
      <Reference name="System"/>
      <Reference name="System.Core"/>
      <Files>
        <Match pattern="*.cs" recurse="true">
          <Exclude name="obj" pattern="obj"/>
        </Match>
      </Files>
    </Project>

    <Project name="OpenMetaverse.StructuredData" path="OpenMetaverse.StructuredData" type="Library" rootNamespace="OpenMetaverse.StructuredData" frameworkVersion="v4_5">
      <Configuration name="Debug">
        <Options>
          <OutputPath>../bin/</OutputPath>
        </Options>
      </Configuration>
      <Configuration name="Release">
        <Options>
          <OutputPath>../bin/</OutputPath>
          <XmlDocFile>OpenMetaverse.StructuredData.XML</XmlDocFile>
        </Options>
      </Configuration>

      <ReferencePath>../bin/</ReferencePath>
      <Reference name="System"/>
      <Reference name="System.Xml"/>
      <Reference name="OpenMetaverseTypes"/>
      <Files>
        <Match pattern="*.cs" recurse="true">
          <Exclude name="obj" pattern="obj"/>
        </Match>
      </Files>
    </Project>

    <Project name="OpenMetaverse" path="OpenMetaverse" type="Library" rootNamespace="OpenMetaverse" frameworkVersion="v4_5">
      <Configuration name="Debug">
        <Options>
          <OutputPath>../bin/</OutputPath>
        </Options>
      </Configuration>
      <Configuration name="Release">
        <Options>
          <OutputPath>../bin/</OutputPath>
          <XmlDocFile>OpenMetaverse.XML</XmlDocFile>
        </Options>
      </Configuration>

      <ReferencePath>../bin/</ReferencePath>
      <Reference name="System"/>
      <Reference name="System.Core"/>
      <Reference name="System.Xml"/>
      <Reference name="System.Data"/>
      <Reference name="System.Drawing"/>
      <Reference name="OpenMetaverseTypes"/>
      <Reference name="OpenMetaverse.StructuredData"/>
      <Reference name="XMLRPC"/>
	    <Reference name="ZLibNet" />

      <Files>
        <Match pattern="*.cs" recurse="true">
          <Exclude name="obj" pattern="obj"/>
        </Match>
      </Files>
    </Project>

    <Project name="OpenMetaverse.Utilities" path="OpenMetaverse.Utilities" type="Library" frameworkVersion="v4_5">
      <Configuration name="Debug">
        <Options>
          <OutputPath>../bin/</OutputPath>
        </Options>
      </Configuration>
      <Configuration name="Release">
        <Options>
          <OutputPath>../bin/</OutputPath>
          <XmlDocFile>OpenMetaverse.Utilities.XML</XmlDocFile>
        </Options>
      </Configuration>

      <ReferencePath>../bin/</ReferencePath>
      <Reference name="System"/>
      <Reference name="System.Xml"/>
      <Reference name="System.Data"/>
      <Reference name="OpenMetaverse"/>
      <Reference name="OpenMetaverseTypes"/>
      <Reference name="OpenMetaverse.StructuredData"/>
      <Files>
        <Match pattern="*.cs" recurse="true">
         <Exclude name="obj" pattern="obj"/>
       </Match>
     </Files>
    </Project>

    <!-- // Tests need to be rewritten for .Net 4.0
	<Project name="OpenMetaverse.Tests" path="OpenMetaverse.Tests" type="Library" frameworkVersion="v4_5">
      <Configuration name="Debug">
        <Options>
          <OutputPath>../bin/</OutputPath>
        </Options>
      </Configuration>
      <Configuration name="Release">
        <Options>
          <OutputPath>../bin/</OutputPath>
        </Options>
      </Configuration>

      <ReferencePath>../bin/</ReferencePath>
      <Reference name="System"/>
      <Reference name="System.Xml"/>
      <Reference name="System.Data"/>
      <Reference name="nunit.framework"/>
      <Reference name="OpenMetaverse"/>
      <Reference name="OpenMetaverseTypes"/>
      <Reference name="OpenMetaverse.StructuredData"/>
      <Files>
        <Match pattern="*.cs" recurse="true">
          <Exclude name="obj" pattern="obj"/>
        </Match>
      </Files>
    </Project>
	-->
    <Project name="GridProxy" path="Programs/GridProxy" type="Library" frameworkVersion="v4_5">
      <Configuration name="Debug">
        <Options>
          <OutputPath>../../bin/</OutputPath>
        </Options>
      </Configuration>
      <Configuration name="Release">
        <Options>
          <OutputPath>../../bin/</OutputPath>
        </Options>
      </Configuration>

      <ReferencePath>../../bin/</ReferencePath>
      <Reference name="System"/>
      <Reference name="System.Xml"/>
      <Reference name="OpenMetaverse"/>
      <Reference name="OpenMetaverseTypes"/>
      <Reference name="OpenMetaverse.StructuredData"/>
      <Reference name="XMLRPC"/>
      <Reference name="log4net"/>	  

      <Files>
        <Match pattern="*.cs" recurse="true">
          <Exclude name="GridProxyMain.cs"/>
          <Exclude name="obj" pattern="obj"/>
        </Match>
      </Files>
    </Project>

    <Project name="OpenMetaverse.Rendering.Simple" path="OpenMetaverse.Rendering.Simple" type="Library" frameworkVersion="v4_5">
      <Configuration name="Debug">
        <Options>
          <OutputPath>../bin/</OutputPath>
        </Options>
      </Configuration>
      <Configuration name="Release">
        <Options>
          <OutputPath>../bin/</OutputPath>
        </Options>
      </Configuration>

      <ReferencePath>../bin/</ReferencePath>
      <Reference name="System"/>
      <Reference name="System.Drawing"/>
      <Reference name="OpenMetaverse"/>
      <Reference name="OpenMetaverseTypes"/>
      <Files>
        <Match pattern="*.cs" recurse="true">
          <Exclude name="obj" pattern="obj"/>
        </Match>
      </Files>
    </Project>

    <Project name="OpenMetaverse.Rendering.Meshmerizer" path="OpenMetaverse.Rendering.Meshmerizer" type="Library" frameworkVersion="v4_5">
      <Configuration name="Debug">
        <Options>
          <OutputPath>../bin/</OutputPath>
        </Options>
      </Configuration>
      <Configuration name="Release">
        <Options>
          <OutputPath>../bin/</OutputPath>
        </Options>
      </Configuration>

      <ReferencePath>../bin/</ReferencePath>
      <Reference name="System"/>
      <Reference name="System.Drawing"/>
      <Reference name="OpenMetaverse"/>
      <Reference name="OpenMetaverseTypes"/>
      <Reference name="PrimMesher"/>
      <Files>
        <Match pattern="*.cs" recurse="true">
          <Exclude name="obj" pattern="obj"/>
        </Match>
      </Files>
    </Project>

    <Project name="OpenMetaverse.GUI" path="OpenMetaverse.GUI" type="Library" frameworkVersion="v4_5">
      <Configuration name="Debug">
        <Options>
          <OutputPath>../bin/</OutputPath>
        </Options>
      </Configuration>
      <Configuration name="Release">
        <Options>
          <OutputPath>../bin/</OutputPath>
          <XmlDocFile>OpenMetaverse.GUI.XML</XmlDocFile>
        </Options>
      </Configuration>

      <ReferencePath>../bin/</ReferencePath>
      <Reference name="System"/>
      <Reference name="System.Data"/>
      <Reference name="System.Drawing"/>
      <Reference name="System.Windows.Forms"/>
      <Reference name="OpenMetaverse"/>
      <Reference name="OpenMetaverseTypes"/>
      <Files>
        <Match pattern="*.cs" recurse="true">
          <Exclude name="obj" pattern="obj"/>
        </Match>
      </Files>
    </Project>
  </Solution>
</Prebuild>
